,0
1,모가디슈
2,더 수어사이드 스쿼드
3,방법: 재차의
4,정글 크루즈
5,블랙 위도우
6,그린 나이트
7,싱크홀
8,더 그레이트 샤크
9,보스 베이비 2
10,랑종
11,인질
12,프리 가이
13,극장판 도라에몽: 진구의 신공룡
14,이스케이프 룸 2: 노 웨이 아웃
15,올드
16,잘리카투
17,암살자들
18,분노의 질주: 더 얼티메이트
19,CCTV
20,귀문
21,피닉스
22,아이스 로드
23,수어사이드 스쿼드
24,화양연화
25,크루엘라
26,킬러의 보디가드 2: 킬러의 와이프
27,발신제한
28,루카
29,블랙핑크 더 무비
30,귀신
31,나만 보이니
32,신 강시선생
33,"우리, 둘"
34,베놈 2: 렛 데어 비 카니지
35,그린 북
36,콰이어트 플레이스 2
37,더 스웜
38,우리는 매일매일
39,먼 훗날 우리
40,내겐 너무 소중한 너
41,가버나움
42,생각의 여름
43,극장판 귀멸의 칼날: 무한열차편
44,백만달러와 시체
45,슈퍼
46,대립군
47,트로미오와 줄리엣
48,레미니센스
49,슬리더
50,코다
